60,39,22,2023-05-02,
63,47,10,2023-05-25,"add by はせ"
64,38,22,2023-05-02,aaaaa
68,40,20000,2023-05-17,
71,41,50,2023-05-23,"add by hase"
72,48,2147483647,2023-05-03,
75,41,2,2023-05-03,
78,43,50,2023-05-17,"add by hase"
81,45,40,2023-05-17,"add by hase"
83,39,20,2023-05-10,
85,40,10,2023-05-03,
86,48,10,2023-05-03,てんさい
90,52,70,2023-05-02,"add by hase"
94,63,700,2023-05-17,"add by hase"
96,0,20,2023-05-12,"add by ひろみ"
97,0,5,2023-05-11,add
98,0,10,2023-05-15,くそまずい
99,0,100,0000-00-00,何本あってもいい
100,0,15,2023-05-15,苦い
101,0,1,2023-04-11,なんじゃそれ
102,0,10,2023-05-12,かふぇいん
103,0,1,2023-04-01,オンリーワン
104,0,1000,2023-05-18,飲みに行きたい
105,0,1,2023-01-01,お正月
106,0,20,2023-05-12,"add by ひろみ"
107,0,5,2023-05-11,add
108,0,10,2023-05-15,くそまずい
109,0,100,0000-00-00,何本あってもいい
110,0,15,2023-05-15,苦い
111,0,1,2023-04-11,なんじゃそれ
112,0,10,2023-05-12,かふぇいん
113,0,1,2023-04-01,オンリーワン
114,0,1000,2023-05-18,飲みに行きたい
115,0,1,2023-01-01,お正月
116,48,20,2023-05-12,"add by ひろみ"
117,40,5,2023-05-11,add
118,41,10,2023-05-15,くそまずい
119,60,100,0000-00-00,何本あってもいい
120,46,15,2023-05-15,苦い
121,45,1,2023-04-11,なんじゃそれ
122,51,10,2023-05-12,かふぇいん
123,48,1,2023-04-01,オンリーワン
124,56,1000,2023-05-18,飲みに行きたい
125,58,1,2023-01-01,お正月
127,75,100,2023-05-30,
128,66,0,2023-05-17,テスト
129,41,0,2023-05-16,test
